Workbook

Sheet Description

Sheet TC
A1: TLMSIT-97006
A2: AXPR-2392_Sync Customer Occupation Parameter_Manual Key-in flow_17
A4: Test Step | B4: Condition | C4: Expected Result
A5: 1
A6: 2
A7: 3
A8: 4
A9: 5
A10: 6
A11: 7
A12: 8
A13: 9
A14: 10
A15: 11
A16: 12
A17: 13

Sheet 1
A1: Test Step | B1: Condition | C1: Expected Result
A2: =TC!A5 -> 1 | B2: =TC!B5 -> 0 | C2: =TC!C5 -> 0

Sheet 2
A1: Test Step | B1: Condition | C1: Expected Result
A2: =TC!A6 -> 2 | B2: =TC!B6 -> 0 | C2: =TC!C6 -> 0

Sheet 3
A1: Test Step | B1: Condition | C1: Expected Result
A2: =TC!A7 -> 3 | B2: =TC!B7 -> 0 | C2: =TC!C7 -> 0

Sheet 4
A1: Test Step | B1: Condition | C1: Expected Result
A2: =TC!A8 -> 4 | B2: =TC!B8 -> 0 | C2: =TC!C8 -> 0

Sheet 5
A1: Test Step | B1: Condition | C1: Expected Result
A2: =TC!A9 -> 5 | B2: =TC!B9 -> 0 | C2: =TC!C9 -> 0

Sheet 6
A1: Test Step | B1: Condition | C1: Expected Result
A2: =TC!A10 -> 6 | B2: =TC!B10 -> 0 | C2: =TC!C10 -> 0

Sheet 7
A1: Test Step | B1: Condition | C1: Expected Result
A2: =TC!A11 -> 7 | B2: =TC!B11 -> 0 | C2: =TC!C11 -> 0

Sheet 8
A1: Test Step | B1: Condition | C1: Expected Result
A2: =TC!A12 -> 8 | B2: =TC!B12 -> 0 | C2: =TC!C12 -> 0

Sheet 9
A1: Test Step | B1: Condition | C1: Expected Result
A2: =TC!A13 -> 9 | B2: =TC!B13 -> 0 | C2: =TC!C13 -> 0

Sheet 10
A1: Test Step | B1: Condition | C1: Expected Result
A2: =TC!A14 -> 10 | B2: =TC!B14 -> 0 | C2: =TC!C14 -> 0

Sheet 11
A1: Test Step | B1: Condition | C1: Expected Result
A2: =TC!A15 -> 11 | B2: =TC!B15 -> 0 | C2: =TC!C15 -> 0

Sheet 12
A1: Test Step | B1: Condition | C1: Expected Result
A2: =TC!A16 -> 12 | B2: =TC!B16 -> 0 | C2: =TC!C16 -> 0

Sheet 13
A1: Test Step | B1: Condition | C1: Expected Result
A2: =TC!A17 -> 13 | B2: =TC!B17 -> 0 | C2: =TC!C17 -> 0
